[
  {
    "name": "Punta Arenas",
    "created_at": "2025-11-25T10:00:00Z",
    "updated_at": "2025-11-25T10:00:00Z",
    "deleted_at": null
  },
  {
    "name": "Puerto Natales",
    "created_at": "2025-11-25T10:00:00Z",
    "updated_at": "2025-11-25T10:00:00Z",
    "deleted_at": null
  },
  {
    "name": "Porvenir",
    "created_at": "2025-11-25T10:00:00Z",
    "updated_at": "2025-11-25T10:00:00Z",
    "deleted_at": null
  },
  {
    "name": "Timaukel",
    "created_at": "2025-11-25T10:00:00Z",
    "updated_at": "2025-11-25T10:00:00Z",
    "deleted_at": null
  },
  {
    "name": "San Gregorio",
    "created_at": "2025-11-25T10:00:00Z",
    "updated_at": "2025-11-25T10:00:00Z",
    "deleted_at": null
  }
]
