[
  {
    "name": "Ubicación 001",
    "created_at": "2025-11-25T10:00:00Z",
    "updated_at": "2025-11-25T10:00:00Z",
    "deleted_at": null
  },
  {
    "name": "Ubicación 002",
    "created_at": "2025-11-25T10:00:00Z",
    "updated_at": "2025-11-25T10:00:00Z",
    "deleted_at": null
  },
  {
    "name": "Ubicación 003",
    "created_at": "2025-11-25T10:00:00Z",
    "updated_at": "2025-11-25T10:00:00Z",
    "deleted_at": null
  },
  {
    "name": "Ubicación 004",
    "created_at": "2025-11-25T10:00:00Z",
    "updated_at": "2025-11-25T10:00:00Z",
    "deleted_at": null
  },
  {
    "name": "Ubicación 005",
    "created_at": "2025-11-25T10:00:00Z",
    "updated_at": "2025-11-25T10:00:00Z",
    "deleted_at": null
  }
]
