[
  {
    "name": "Destrucción por incineración",
    "created_at": "2025-11-25T10:00:00Z",
    "updated_at": "2025-11-25T10:00:00Z",
    "deleted_at": null
  },
  {
    "name": "Destrucción química",
    "created_at": "2025-11-25T10:00:00Z",
    "updated_at": "2025-11-25T10:00:00Z",
    "deleted_at": null
  },
  {
    "name": "Trituración",
    "created_at": "2025-11-25T10:00:00Z",
    "updated_at": "2025-11-25T10:00:00Z",
    "deleted_at": null
  },
  {
    "name": "Enterramiento",
    "created_at": "2025-11-25T10:00:00Z",
    "updated_at": "2025-11-25T10:00:00Z",
    "deleted_at": null
  },
  {
    "name": "Compostaje",
    "created_at": "2025-11-25T10:00:00Z",
    "updated_at": "2025-11-25T10:00:00Z",
    "deleted_at": null
  }
]
